loss,val loss
0.917885826973172,24184.025390625
0.8867019883223942,29.733301162719727
0.8314004261772354,609.1596069335938
0.8511190772443623,233.76614379882812
