loss,val loss
0.917885826973172,27679.69140625
0.8867019883223942,420.69610595703125
0.8314004261772354,68.55069732666016
0.8511190772443623,38.97685241699219
